net,length_um
_144_,135.5
_094_,123.66
_145_,119.01
_143_,110.44
_095_,109.63
_066_,101
clknet_2_1__leaf_clk,97.56
clknet_2_0__leaf_clk,91.04
clknet_0_clk,81.46
clk,78.22
clknet_2_3__leaf_clk,74.34
net9,58.66
net10,57.6
state\[1\],57.54
bit_index\[1\],57.19
_127_,52.98
bit_index\[0\],50.86
_105_,50.425
baud_count\[1\],49.86
bit_index\[2\],49.14
baud_count\[0\],47.53
_090_,40.92
net12,39.75
net13,38.98
clknet_2_2__leaf_clk,38.74
_115_,37.16
_077_,34.24
state\[3\],29.62
_142_,27.92
_080_,27.2
net19,26.78
_076_,24.8
bit_index\[3\],24.48
baud_count\[8\],23.9
_081_,22.885
_120_,22.86
_121_,22.71
_131_,22.04
baud_count\[4\],21.96
state\[0\],21.39
baud_count\[12\],21.38
_108_,20.495
baud_count\[6\],20.305
baud_count\[2\],20.2
baud_count\[11\],19.14
data_reg\[7\],18.82
baud_count\[5\],18.74
baud_count\[9\],18.64
state\[2\],18.1
baud_count\[13\],17.92
baud_count\[14\],17.68
net15,17.54
_147_,17.14
net11,17.02
_075_,16.32
baud_count\[10\],15.22
_079_,15.2
_135_,14.8
data[5],14.56
data_reg\[6\],14.45
data[6],13.64
data_reg\[5\],13.64
_003_,13.34
data_reg\[3\],13.34
_139_,12.96
_011_,12.58
_012_,12.58
_089_,12.04
net35,12.02
data[7],11.8
net18,11.8
baud_count\[15\],11.5
data[3],11.34
_112_,11.18
start,10.88
net23,10.84
_102_,10.66
_008_,10.58
data[0],10.42
data[1],10.42
data[2],10.42
data[4],10.42
reset,10.42
_087_,10.4
data_reg\[1\],10.38
_058_,10.24
_047_,10.17
_141_,10.1
baud_count\[7\],9.96
_078_,9.94
busy,9.88
_085_,9.76
_082_,9.54
_140_,9.44
_114_,9.1
_056_,9.08
_129_,9.06
_138_,9.06
net14,9
_146_,8.98
_055_,8.76
_009_,8.64
_062_,8.44
_125_,8.2
_109_,8.1
baud_count\[3\],8.04
_004_,8.02
net1,7.98
data_reg\[2\],7.905
net3,7.84
net8,7.84
_031_,7.74
_107_,7.74
_126_,7.74
tx,7.58
net24,7.56
_134_,7.52
data_reg\[0\],7.36
_113_,7.32
_024_,7.3
net28,7.18
_136_,7.06
_093_,6.98
_021_,6.81
data_reg\[4\],6.76
_002_,6.72
_106_,6.64
_128_,6.54
_069_,6.52
_060_,6.42
_104_,6.26
_124_,6.26
_098_,6.255
_068_,6.2
net26,6.04
_018_,5.92
_133_,5.84
_023_,5.79
_096_,5.72
_132_,5.68
_137_,5.68
net16,5.68
_097_,5.5
_053_,5.43
_083_,5.4
_001_,5.34
_086_,5.34
net17,5.28
_103_,5.24
_005_,5.225
net2,5.22
net5,5.22
_116_,5.2
_039_,5.19
_101_,5.12
net32,5.06
_057_,5.04
_091_,4.88
_118_,4.88
_014_,4.8
net7,4.7
net29,4.66
_048_,4.54
_064_,4.54
_084_,4.46
_065_,4.34
_119_,4.34
_042_,4.27
_017_,4.265
_074_,4.22
_000_,4.12
_015_,4.12
_054_,4.08
_059_,4.08
_071_,3.88
_020_,3.76
_049_,3.76
_088_,3.64
_111_,3.44
_072_,3.42
_122_,3.22
_050_,3.13
_016_,3.08
net33,3.08
_022_,3.03
_052_,3.01
_067_,2.96
_073_,2.96
net6,2.86
net25,2.86
_026_,2.84
_029_,2.77
net31,2.76
_013_,2.74
_032_,2.69
_061_,2.64
net21,2.64
_051_,2.5
_070_,2.5
_010_,2.46
_041_,2.43
_046_,2.43
_030_,2.38
_036_,2.38
_040_,2.38
_045_,2.38
_019_,2.28
net27,2.28
_035_,2.23
_044_,2.23
_063_,2.18
_007_,2.16
_028_,2.16
_043_,2.16
_099_,2.06
_038_,2.04
_006_,2.005
net4,1.94
net30,1.84
net34,1.84
_033_,1.82
_092_,1.72
_110_,1.68
_117_,1.6
_123_,1.56
_130_,1.38
net36,1.38
_025_,1.36
_027_,1.36
_034_,1.36
_037_,1.36
_100_,0.8
net20,0.46
net22,0.46
